{
  "model_version": 1,
  "parameters": [
    [
      -5.016737616786018927e-1,
      -2.463112159366082354e-1,
      3.209441512979664766e-3,
      3.646010111142681848e-4,
      7.779920909915649836e-3,
      1.408000043999778628e-1,
      2.024436911023837563e-2,
      -5.638935138963161158e-4,
      -1.919556105756315204e-2
    ],
    [
      -9.059374055316521401e-2,
      -1.3893371699363119e-1,
      2.019846323762455181e-2,
      1.954029537615875958e-2,
      1.103022126570816636e-1,
      -1.290083518091497128e-1,
      2.169598473648655032e-3,
      1.990923901223681097e-2,
      -2.074577074991883555e-2
    ]
  ]
}