{
    "model_version": 1,
    "parameters": [
        [
            6.627134013078341823e-1,
            7.749077774457743817e-2,
            4.558592710840345119e-2,
            5.251350578733605945e-2,
            -3.966298365876053111e-1,
            6.487886002026545251e-2,
            3.338103405166896465e-2,
            3.710747662022580856e-2,
            -7.251308551338064845e-2
        ],
        [
            3.411511072502099173e-1,
            4.143391963099524178e-2,
            3.625870121136152979e-2,
            1.715900494505074106e-2,
            -6.738473159309835148e-2,
            -3.059969895313872576e-2,
            2.347669108210938965e-2,
            1.534058942996986349e-2,
            -3.889913617428487902e-2
        ]
    ]
}